{"weights": [[[1.4368776688758613, 0.47640896239198577, 0.5139504100962611, -1.8343153590287793], [1.0574498627861095, 0.7382342279536813, 0.7327545862966436, -0.825504473944653], [1.0574498627861095, 0.7382342279536813, 0.7327545862966436, -0.825504473944653]], [[0.6038702602570464, 0.6430033890577636, 0.6430033890577636, -1.8101366245785953], [1.5456283822484564, 0.8193845902678759, 0.8193845902678759, -0.9634696303830218]], [[-0.8292689398741457, 1.270342127421524, 0.35206783451721246]]], "structure": [[3, 2, false], [2, 2, false], [1, 2, true]]}